"","U238","pH","TAlk","Salinity","Temperature","OmegaA","TCO2"
"1",1.350568,8.11459026809605,2302.56397624531,34.8646185742636,27.4852533706117,3.87131736921824,1953.50511628542
"2",1.36404,8.11481653143615,2303.23648242157,34.8819050199682,27.50767889377,3.873370572961,1953.53467522964
"3",1.34299,8.11481653143615,2303.23648242157,34.8819050199682,27.50767889377,3.873370572961,1953.53467522964
"4",1.11565,8.11481653143615,2303.23648242157,34.8819050199682,27.50767889377,3.873370572961,1953.53467522964
"5",1.39351,8.11481653143615,2303.23648242157,34.8819050199682,27.50767889377,3.873370572961,1953.53467522964
"6",1.33036,8.11481653143615,2303.23648242157,34.8819050199682,27.50767889377,3.873370572961,1953.53467522964
"7",1.867135,8.1116262038462,2389.53566953081,36.1154386034579,25.675743351656,3.99443837707799,2028.83098376398
"8",1.639374,8.1116262038462,2389.53566953081,36.1154386034579,25.675743351656,3.99443837707799,2028.83098376398
"9",1.6274176,8.1116262038462,2389.53566953081,36.1154386034579,25.675743351656,3.99443837707799,2028.83098376398
"10",1.554332,8.09278363765949,2329.45278102003,35.5052716101704,22.0442776056141,3.70267558251421,2001.27945522214
"11",1.38088,8.13428768782579,2365.06007655534,35.9609545026382,27.4407924967194,4.18292363378013,1993.85187395313
"12",1.39772,8.13428768782579,2365.06007655534,35.9609545026382,27.4407924967194,4.18292363378013,1993.85187395313
"13",1.44403,8.13428768782579,2365.06007655534,35.9609545026382,27.4407924967194,4.18292363378013,1993.85187395313
"14",1.4314,8.13428768782579,2365.06007655534,35.9609545026382,27.4407924967194,4.18292363378013,1993.85187395313
"15",1.43982,8.13428768782579,2365.06007655534,35.9609545026382,27.4407924967194,4.18292363378013,1993.85187395313
"16",1.39351,8.13428768782579,2365.06007655534,35.9609545026382,27.4407924967194,4.18292363378013,1993.85187395313
"17",1.3500207,8.11481423964717,2303.23143311984,34.8820028810969,27.50781552422,3.87335045255946,1953.53325898932
"18",1.2114275,8.11481423964717,2303.23143311984,34.8820028810969,27.50781552422,3.87335045255946,1953.53325898932
"19",1.4159914,8.11481423964717,2303.23143311984,34.8820028810969,27.50781552422,3.87335045255946,1953.53325898932
"20",1.2915438,8.11481423964717,2303.23143311984,34.8820028810969,27.50781552422,3.87335045255946,1953.53325898932
"21",1.116913,8.11154828274027,2275.47054906373,34.3875074227178,28.6975384083012,3.80717894683927,1933.43215460203
"22",1.197745,8.11154828274027,2275.47054906373,34.3875074227178,28.6975384083012,3.80717894683927,1933.43215460203
"23",1.420033,8.11154828274027,2275.47054906373,34.3875074227178,28.6975384083012,3.80717894683927,1933.43215460203
"24",1.114387,8.11154828274027,2275.47054906373,34.3875074227178,28.6975384083012,3.80717894683927,1933.43215460203
"25",1.120281,8.11154828274027,2275.47054906373,34.3875074227178,28.6975384083012,3.80717894683927,1933.43215460203
"26",1.139647,8.11154828274027,2275.47054906373,34.3875074227178,28.6975384083012,3.80717894683927,1933.43215460203
"27",1.015031,8.11154828274027,2275.47054906373,34.3875074227178,28.6975384083012,3.80717894683927,1933.43215460203
"28",0.969142,8.11154828274027,2275.47054906373,34.3875074227178,28.6975384083012,3.80717894683927,1933.43215460203
"29",1.46508,8.092860928535,2329.38697169585,35.5057844210636,22.0454204515679,3.70309940833919,2001.1899107091
"30",1.55349,8.09279393415534,2329.38360434749,35.5059916431972,22.037915207992,3.70270828101079,2001.24906793595
"31",1.545491,8.09279393415534,2329.38360434749,35.5059916431972,22.037915207992,3.70270828101079,2001.24906793595
"32",1.7261,8.09279393415534,2329.38360434749,35.5059916431972,22.037915207992,3.70270828101079,2001.24906793595
"33",1.65032,8.09279393415534,2329.38360434749,35.5059916431972,22.037915207992,3.70270828101079,2001.24906793595
"34",1.5998,8.09279393415534,2329.38360434749,35.5059916431972,22.037915207992,3.70270828101079,2001.24906793595
"35",1.684,8.09279393415534,2329.38360434749,35.5059916431972,22.037915207992,3.70270828101079,2001.24906793595
"36",1.687368,8.09279393415534,2329.38360434749,35.5059916431972,22.037915207992,3.70270828101079,2001.24906793595
"37",1.686105,8.09279393415534,2329.38360434749,35.5059916431972,22.037915207992,3.70270828101079,2001.24906793595
"38",1.7682,8.11283429873095,2306.67945402652,35.356962369506,24.5018290992913,3.80034922161619,1959.35335777018
"39",1.65453,8.11283429873095,2306.67945402652,35.356962369506,24.5018290992913,3.80034922161619,1959.35335777018
"40",1.44824,8.11283429873095,2306.67945402652,35.356962369506,24.5018290992913,3.80034922161619,1959.35335777018
"41",1.49876,8.11283429873095,2306.67945402652,35.356962369506,24.5018290992913,3.80034922161619,1959.35335777018
"42",1.48613,8.11283429873095,2306.67945402652,35.356962369506,24.5018290992913,3.80034922161619,1959.35335777018
"43",0.987666,8.00381728430338,2226.41388314212,33.0186881025595,24.2225504843279,2.86724650672417,1969.53699298949
"44",1.013768,8.00381728430338,2226.41388314212,33.0186881025595,24.2225504843279,2.86724650672417,1969.53699298949
"45",0.948934,8.00381728430338,2226.41388314212,33.0186881025595,24.2225504843279,2.86724650672417,1969.53699298949
"46",0.788112,8.00381728430338,2226.41388314212,33.0186881025595,24.2225504843279,2.86724650672417,1969.53699298949
"47",1.013347,8.00381728430338,2226.41388314212,33.0186881025595,24.2225504843279,2.86724650672417,1969.53699298949
"48",1.001138,8.00381728430338,2226.41388314212,33.0186881025595,24.2225504843279,2.86724650672417,1969.53699298949
"49",1.174169,8.00381728430338,2226.41388314212,33.0186881025595,24.2225504843279,2.86724650672417,1969.53699298949
"50",1.504654,8.00381728430338,2226.41388314212,33.0186881025595,24.2225504843279,2.86724650672417,1969.53699298949
"51",1.172906,8.00381728430338,2226.41388314212,33.0186881025595,24.2225504843279,2.86724650672417,1969.53699298949
"52",1.108914,8.00381728430338,2226.41388314212,33.0186881025595,24.2225504843279,2.86724650672417,1969.53699298949
"53",0.927884,8.00381728430338,2226.41388314212,33.0186881025595,24.2225504843279,2.86724650672417,1969.53699298949
"54",1.036923,8.00381728430338,2226.41388314212,33.0186881025595,24.2225504843279,2.86724650672417,1969.53699298949
"55",0.965353,8.00381728430338,2226.41388314212,33.0186881025595,24.2225504843279,2.86724650672417,1969.53699298949
"56",1.125754,8.00381728430338,2226.41388314212,33.0186881025595,24.2225504843279,2.86724650672417,1969.53699298949
"57",0.865155,8.00381728430338,2226.41388314212,33.0186881025595,24.2225504843279,2.86724650672417,1969.53699298949
"58",0.9877923,8.09066240424837,2307.68585808176,35.1249938877658,27.8682812294023,3.72273944860592,1977.76724870573
"59",1.1806524,8.09066240424837,2307.68585808176,35.1249938877658,27.8682812294023,3.72273944860592,1977.76724870573
"60",1.227636,8.14741355715496,2288.42645887584,34.9530585877546,27.6861681382108,4.04102029323807,1938.58446954438
"61",1.219637,8.14741355715496,2288.42645887584,34.9530585877546,27.6861681382108,4.04102029323807,1938.58446954438
"62",1.224268,8.14741355715496,2288.42645887584,34.9530585877546,27.6861681382108,4.04102029323807,1938.58446954438
"63",1.237319,8.12303848710666,2286.84744793695,34.3838981588144,29.2916356208892,3.91224813961139,1936.6560430176
"64",1.141752,8.12303848710666,2286.84744793695,34.3838981588144,29.2916356208892,3.91224813961139,1936.6560430176
"65",0.931252,8.12303848710666,2286.84744793695,34.3838981588144,29.2916356208892,3.91224813961139,1936.6560430176
"66",0.730014,8.12303848710666,2286.84744793695,34.3838981588144,29.2916356208892,3.91224813961139,1936.6560430176
"67",1.453713,8.06532299355684,2345.25609562043,35.5302463888251,27.6612037997906,3.63610212389288,1989.47689626884
"68",1.119439,8.03068764046954,2225.22935376538,33.921370804486,26.4917214603704,3.06259535661113,1951.35591407368
"69",1.066393,8.03068764046954,2225.22935376538,33.921370804486,26.4917214603704,3.06259535661113,1951.35591407368
"70",1.276051,8.11104141890864,2356.23276661102,36.0805991960297,27.8454392435987,4.01186829575501,1996.12160283382
"71",1.291207,8.11104141890864,2356.23276661102,36.0805991960297,27.8454392435987,4.01186829575501,1996.12160283382
"72",1.168275,8.11104141890864,2356.23276661102,36.0805991960297,27.8454392435987,4.01186829575501,1996.12160283382
"73",1.170801,8.11104141890864,2356.23276661102,36.0805991960297,27.8454392435987,4.01186829575501,1996.12160283382
"74",1.200692,8.11104141890864,2356.23276661102,36.0805991960297,27.8454392435987,4.01186829575501,1996.12160283382
"75",1.161539,8.11104141890864,2356.23276661102,36.0805991960297,27.8454392435987,4.01186829575501,1996.12160283382
"76",1.174169,8.11104141890864,2356.23276661102,36.0805991960297,27.8454392435987,4.01186829575501,1996.12160283382
"77",1.33036,8.12711421560103,2369.40186452801,35.4410194001232,24.3973619526798,4.1890992463678,2008.37750938723
"78",1.36825,8.12711421560103,2369.40186452801,35.4410194001232,24.3973619526798,4.1890992463678,2008.37750938723
"79",1.18722,8.11483155144336,2374.55600600829,36.1619136259658,26.9293689886604,4.07175113609638,2008.04961550389
"80",0.86387095,8.05919675813909,2292.90147917678,35.0840594189047,26.8573503701996,3.53082230088615,1985.58622565682
"81",1.07642543,8.05919675813909,2292.90147917678,35.0840594189047,26.8573503701996,3.53082230088615,1985.58622565682
"82",1.26340837,8.05919675813909,2292.90147917678,35.0840594189047,26.8573503701996,3.53082230088615,1985.58622565682
"83",0.8578296,8.05919675813909,2292.90147917678,35.0840594189047,26.8573503701996,3.53082230088615,1985.58622565682
"84",1.05798984,8.05919675813909,2292.90147917678,35.0840594189047,26.8573503701996,3.53082230088615,1985.58622565682
"85",1.07205966,8.05919675813909,2292.90147917678,35.0840594189047,26.8573503701996,3.53082230088615,1985.58622565682
"86",1.02120286,8.05919675813909,2292.90147917678,35.0840594189047,26.8573503701996,3.53082230088615,1985.58622565682
"87",0.85817061,8.05919675813909,2292.90147917678,35.0840594189047,26.8573503701996,3.53082230088615,1985.58622565682
"88",1.01250921,8.05919675813909,2292.90147917678,35.0840594189047,26.8573503701996,3.53082230088615,1985.58622565682
"89",0.99774895,8.05919675813909,2292.90147917678,35.0840594189047,26.8573503701996,3.53082230088615,1985.58622565682
"90",0.7654201,8.05919675813909,2292.90147917678,35.0840594189047,26.8573503701996,3.53082230088615,1985.58622565682
"91",0.9301995,8.05919675813909,2292.90147917678,35.0840594189047,26.8573503701996,3.53082230088615,1985.58622565682
"92",0.92588004,8.05919675813909,2292.90147917678,35.0840594189047,26.8573503701996,3.53082230088615,1985.58622565682
"93",0.9786566,8.05919675813909,2292.90147917678,35.0840594189047,26.8573503701996,3.53082230088615,1985.58622565682
"94",0.95833914,8.05919675813909,2292.90147917678,35.0840594189047,26.8573503701996,3.53082230088615,1985.58622565682
"95",0.99100032,8.05919675813909,2292.90147917678,35.0840594189047,26.8573503701996,3.53082230088615,1985.58622565682
"96",0.91893775,8.05919675813909,2292.90147917678,35.0840594189047,26.8573503701996,3.53082230088615,1985.58622565682
"97",1.01255131,8.05919675813909,2292.90147917678,35.0840594189047,26.8573503701996,3.53082230088615,1985.58622565682
"98",0.94749418,8.05919675813909,2292.90147917678,35.0840594189047,26.8573503701996,3.53082230088615,1985.58622565682
"99",0.90391647,8.05919675813909,2292.90147917678,35.0840594189047,26.8573503701996,3.53082230088615,1985.58622565682
"100",0.96083988,8.05919675813909,2292.90147917678,35.0840594189047,26.8573503701996,3.53082230088615,1985.58622565682
"101",0.8946671,8.05919675813909,2292.90147917678,35.0840594189047,26.8573503701996,3.53082230088615,1985.58622565682
"102",0.90648878,8.05919675813909,2292.90147917678,35.0840594189047,26.8573503701996,3.53082230088615,1985.58622565682
"103",0.91688327,8.05919675813909,2292.90147917678,35.0840594189047,26.8573503701996,3.53082230088615,1985.58622565682
"104",1.04031205,8.05919675813909,2292.90147917678,35.0840594189047,26.8573503701996,3.53082230088615,1985.58622565682
"105",1.06801806,8.05919675813909,2292.90147917678,35.0840594189047,26.8573503701996,3.53082230088615,1985.58622565682
"106",0.98772494,8.05919675813909,2292.90147917678,35.0840594189047,26.8573503701996,3.53082230088615,1985.58622565682
"107",0.93363065,8.05919675813909,2292.90147917678,35.0840594189047,26.8573503701996,3.53082230088615,1985.58622565682
"108",0.97730519,8.05919675813909,2292.90147917678,35.0840594189047,26.8573503701996,3.53082230088615,1985.58622565682
"109",0.88328326,8.05919675813909,2292.90147917678,35.0840594189047,26.8573503701996,3.53082230088615,1985.58622565682
"110",0.9827403,8.05919675813909,2292.90147917678,35.0840594189047,26.8573503701996,3.53082230088615,1985.58622565682
"111",0.94487977,8.05919675813909,2292.90147917678,35.0840594189047,26.8573503701996,3.53082230088615,1985.58622565682
"112",1.14839959,8.05919675813909,2292.90147917678,35.0840594189047,26.8573503701996,3.53082230088615,1985.58622565682
"113",1.00371452,8.05919675813909,2292.90147917678,35.0840594189047,26.8573503701996,3.53082230088615,1985.58622565682
"114",0.106993361,8.05919675813909,2292.90147917678,35.0840594189047,26.8573503701996,3.53082230088615,1985.58622565682
"115",0.97094388,8.05919675813909,2292.90147917678,35.0840594189047,26.8573503701996,3.53082230088615,1985.58622565682
"116",1.05116122,8.05919675813909,2292.90147917678,35.0840594189047,26.8573503701996,3.53082230088615,1985.58622565682
"117",0.45116044,8.05919675813909,2292.90147917678,35.0840594189047,26.8573503701996,3.53082230088615,1985.58622565682
"118",1.0018958,8.05919675813909,2292.90147917678,35.0840594189047,26.8573503701996,3.53082230088615,1985.58622565682
"119",1.0407541,8.05919675813909,2292.90147917678,35.0840594189047,26.8573503701996,3.53082230088615,1985.58622565682
"120",1.15232331,8.05919675813909,2292.90147917678,35.0840594189047,26.8573503701996,3.53082230088615,1985.58622565682
"121",1.138805,8.05919675813909,2292.90147917678,35.0840594189047,26.8573503701996,3.53082230088615,1985.58622565682
"122",1.179642,8.05919675813909,2292.90147917678,35.0840594189047,26.8573503701996,3.53082230088615,1985.58622565682
"123",1.224689,8.05919675813909,2292.90147917678,35.0840594189047,26.8573503701996,3.53082230088615,1985.58622565682
"124",1.06934,8.05919675813909,2292.90147917678,35.0840594189047,26.8573503701996,3.53082230088615,1985.58622565682
"125",1.200271,8.05919675813909,2292.90147917678,35.0840594189047,26.8573503701996,3.53082230088615,1985.58622565682
"126",1.19143,8.05919675813909,2292.90147917678,35.0840594189047,26.8573503701996,3.53082230088615,1985.58622565682
"127",0.979246,8.07723913164397,2271.61058786692,35.005301372644,27.5831702401669,3.62319646815095,1966.94676147384
"128",1.005348,8.05919675813909,2292.90147917678,35.0840594189047,26.8573503701996,3.53082230088615,1985.58622565682
"129",0.949355,8.05919675813909,2292.90147917678,35.0840594189047,26.8573503701996,3.53082230088615,1985.58622565682
"130",1.041554,8.05919675813909,2292.90147917678,35.0840594189047,26.8573503701996,3.53082230088615,1985.58622565682
"131",1.084917,8.05919675813909,2292.90147917678,35.0840594189047,26.8573503701996,3.53082230088615,1985.58622565682
"132",1.209954,8.05919675813909,2292.90147917678,35.0840594189047,26.8573503701996,3.53082230088615,1985.58622565682
"133",1.11144,8.05919675813909,2292.90147917678,35.0840594189047,26.8573503701996,3.53082230088615,1985.58622565682
"134",1.161539,8.07723913164397,2271.61058786692,35.005301372644,27.5831702401669,3.62319646815095,1966.94676147384
"135",1.158171,8.07723913164397,2271.61058786692,35.005301372644,27.5831702401669,3.62319646815095,1966.94676147384
"136",1.100073,8.07723913164397,2271.61058786692,35.005301372644,27.5831702401669,3.62319646815095,1966.94676147384
"137",1.045764,8.07723913164397,2271.61058786692,35.005301372644,27.5831702401669,3.62319646815095,1966.94676147384
"138",1.026819,8.07723913164397,2271.61058786692,35.005301372644,27.5831702401669,3.62319646815095,1966.94676147384
"139",1.127438,8.07723913164397,2271.61058786692,35.005301372644,27.5831702401669,3.62319646815095,1966.94676147384
"140",1.3152461,8.11473665241584,2303.02053677898,34.8792567413287,27.5043660495633,3.87265395766157,1953.51063245129
"141",1.2459074,8.11473665241584,2303.02053677898,34.8792567413287,27.5043660495633,3.87265395766157,1953.51063245129
"142",1.3565883,8.11473665241584,2303.02053677898,34.8792567413287,27.5043660495633,3.87265395766157,1953.51063245129
"143",1.3642505,8.11473665241584,2303.02053677898,34.8792567413287,27.5043660495633,3.87265395766157,1953.51063245129
"144",1.2848078,8.11473665241584,2303.02053677898,34.8792567413287,27.5043660495633,3.87265395766157,1953.51063245129
"145",1.3408008,8.11473665241584,2303.02053677898,34.8792567413287,27.5043660495633,3.87265395766157,1953.51063245129
"146",1.3081733,8.11473665241584,2303.02053677898,34.8792567413287,27.5043660495633,3.87265395766157,1953.51063245129
"147",1.329518,8.11473665241584,2303.02053677898,34.8792567413287,27.5043660495633,3.87265395766157,1953.51063245129
"148",1.2884284,8.11473665241584,2303.02053677898,34.8792567413287,27.5043660495633,3.87265395766157,1953.51063245129
"149",1.3440425,8.11473665241584,2303.02053677898,34.8792567413287,27.5043660495633,3.87265395766157,1953.51063245129
"150",1.1941244,8.11473665241584,2303.02053677898,34.8792567413287,27.5043660495633,3.87265395766157,1953.51063245129
"151",1.2679678,8.05919675813909,2292.90147917678,35.0840594189047,26.8573503701996,3.53082230088615,1985.58622565682
"152",1.092495,8.05919675813909,2292.90147917678,35.0840594189047,26.8573503701996,3.53082230088615,1985.58622565682
"153",1.1625494,8.05919675813909,2292.90147917678,35.0840594189047,26.8573503701996,3.53082230088615,1985.58622565682
"154",1.1165341,8.05919675813909,2292.90147917678,35.0840594189047,26.8573503701996,3.53082230088615,1985.58622565682
"155",1.1784211,8.05919675813909,2292.90147917678,35.0840594189047,26.8573503701996,3.53082230088615,1985.58622565682
"156",1.211217,8.13479535455257,2365.5419437793,35.9516009012413,27.4345472488774,4.18545031778573,1993.94659554883
"157",1.353515,8.13479535455257,2365.5419437793,35.9516009012413,27.4345472488774,4.18545031778573,1993.94659554883
"158",0.93883,8.13425607548274,2364.90352618986,35.9443724187068,27.4920635572385,4.18386111385907,1993.38384419713
"159",1.465501,8.13425607548274,2364.90352618986,35.9443724187068,27.4920635572385,4.18386111385907,1993.38384419713
"160",1.260474,8.13425607548274,2364.90352618986,35.9443724187068,27.4920635572385,4.18386111385907,1993.38384419713
"161",1.134595,8.13425607548274,2364.90352618986,35.9443724187068,27.4920635572385,4.18386111385907,1993.38384419713
"162",1.151014,8.13425607548274,2364.90352618986,35.9443724187068,27.4920635572385,4.18386111385907,1993.38384419713
"163",1.024293,8.13425607548274,2364.90352618986,35.9443724187068,27.4920635572385,4.18386111385907,1993.38384419713
"164",0.953565,8.13425607548274,2364.90352618986,35.9443724187068,27.4920635572385,4.18386111385907,1993.38384419713
"165",1.00619,8.13425607548274,2364.90352618986,35.9443724187068,27.4920635572385,4.18386111385907,1993.38384419713
"166",1.46087,8.13425607548274,2364.90352618986,35.9443724187068,27.4920635572385,4.18386111385907,1993.38384419713
"167",1.093337,8.13425607548274,2364.90352618986,35.9443724187068,27.4920635572385,4.18386111385907,1993.38384419713
"168",1.385932,8.13425607548274,2364.90352618986,35.9443724187068,27.4920635572385,4.18386111385907,1993.38384419713
"169",1.129964,8.13425607548274,2364.90352618986,35.9443724187068,27.4920635572385,4.18386111385907,1993.38384419713
"170",1.460449,8.13425607548274,2364.90352618986,35.9443724187068,27.4920635572385,4.18386111385907,1993.38384419713
"171",1.518547,8.13425607548274,2364.90352618986,35.9443724187068,27.4920635572385,4.18386111385907,1993.38384419713
"172",1.235214,8.13425607548274,2364.90352618986,35.9443724187068,27.4920635572385,4.18386111385907,1993.38384419713
"173",1.093758,8.13425607548274,2364.90352618986,35.9443724187068,27.4920635572385,4.18386111385907,1993.38384419713
"174",1.638532,8.10722242341394,2350.38113609166,35.7918957822637,24.6418337649936,3.91892246547334,2001.30987321522
"175",1.66295,8.10722242341394,2350.38113609166,35.7918957822637,24.6418337649936,3.91892246547334,2001.30987321522
"176",1.417507,8.10722242341394,2350.38113609166,35.7918957822637,24.6418337649936,3.91892246547334,2001.30987321522
"177",1.486972,8.10722242341394,2350.38113609166,35.7918957822637,24.6418337649936,3.91892246547334,2001.30987321522
"178",1.67979,8.10722242341394,2350.38113609166,35.7918957822637,24.6418337649936,3.91892246547334,2001.30987321522
"179",1.506759,8.10722242341394,2350.38113609166,35.7918957822637,24.6418337649936,3.91892246547334,2001.30987321522
"180",1.118176,8.10722242341394,2350.38113609166,35.7918957822637,24.6418337649936,3.91892246547334,2001.30987321522
"181",1.247844,8.10722242341394,2350.38113609166,35.7918957822637,24.6418337649936,3.91892246547334,2001.30987321522
"182",1.248686,8.10722242341394,2350.38113609166,35.7918957822637,24.6418337649936,3.91892246547334,2001.30987321522
"183",1.79346,8.10722242341394,2350.38113609166,35.7918957822637,24.6418337649936,3.91892246547334,2001.30987321522
"184",1.44824,8.10722242341394,2350.38113609166,35.7918957822637,24.6418337649936,3.91892246547334,2001.30987321522
"185",1.113545,8.10722242341394,2350.38113609166,35.7918957822637,24.6418337649936,3.91892246547334,2001.30987321522
"186",1.092916,8.10722242341394,2350.38113609166,35.7918957822637,24.6418337649936,3.91892246547334,2001.30987321522
"187",0.965353,8.10722242341394,2350.38113609166,35.7918957822637,24.6418337649936,3.91892246547334,2001.30987321522
"188",1.532019,8.10722242341394,2350.38113609166,35.7918957822637,24.6418337649936,3.91892246547334,2001.30987321522
"189",1.340043,8.10722242341394,2350.38113609166,35.7918957822637,24.6418337649936,3.91892246547334,2001.30987321522
"190",1.091653,8.10722242341394,2350.38113609166,35.7918957822637,24.6418337649936,3.91892246547334,2001.30987321522
"191",1.297522,8.10722242341394,2350.38113609166,35.7918957822637,24.6418337649936,3.91892246547334,2001.30987321522
"192",1.085759,8.10722242341394,2350.38113609166,35.7918957822637,24.6418337649936,3.91892246547334,2001.30987321522
"193",1.151856,8.10722242341394,2350.38113609166,35.7918957822637,24.6418337649936,3.91892246547334,2001.30987321522
"194",1.181747,8.10722242341394,2350.38113609166,35.7918957822637,24.6418337649936,3.91892246547334,2001.30987321522
"195",1.657477,8.10722242341394,2350.38113609166,35.7918957822637,24.6418337649936,3.91892246547334,2001.30987321522
"196",0.861787,8.13996295477107,2364.74243170948,35.8439388142573,27.8951892963731,4.21547930253813,1987.70574662943
"197",1.322782,8.13914278348039,2365.53602978394,35.8427219410881,28.0456961460777,4.21383117249033,1988.52553376237
"198",1.271841,8.13914278348039,2365.53602978394,35.8427219410881,28.0456961460777,4.21383117249033,1988.52553376237
"199",1.400246,8.13914278348039,2365.53602978394,35.8427219410881,28.0456961460777,4.21383117249033,1988.52553376237
"200",1.30089,8.13922718326449,2365.50233735564,35.8416813020711,28.0486644025021,4.21424392136322,1988.45635772147
"201",1.302574,8.13922718326449,2365.50233735564,35.8416813020711,28.0486644025021,4.21424392136322,1988.45635772147
"202",1.475605,8.13962889736185,2364.91914313284,35.8473947832838,27.9020673833835,4.2141066491666,1987.96195961333
"203",1.164907,8.14899598228042,2352.93823406069,35.755877397489,28.0945191519111,4.25575493110616,1975.46161387842
"204",1.203218,8.14899598228042,2352.93823406069,35.755877397489,28.0945191519111,4.25575493110616,1975.46161387842
"205",1.049553,8.14899598228042,2352.93823406069,35.755877397489,28.0945191519111,4.25575493110616,1975.46161387842
"206",0.90936,8.14899598228042,2352.93823406069,35.755877397489,28.0945191519111,4.25575493110616,1975.46161387842
"207",1.185115,8.13962889736185,2364.91914313284,35.8473947832838,27.9020673833835,4.2141066491666,1987.96195961333
"208",0.865155,8.13962889736185,2364.91914313284,35.8473947832838,27.9020673833835,4.2141066491666,1987.96195961333
"209",1.120281,8.13914278348039,2365.53602978394,35.8427219410881,28.0456961460777,4.21383117249033,1988.52553376237
"210",1.3820167,8.09984192276934,2301.59808329884,35.4378412068519,24.3823996493015,3.70244573065152,1966.49302724219
"211",1.3053526,8.09984192276934,2301.59808329884,35.4378412068519,24.3823996493015,3.70244573065152,1966.49302724219
"212",1.2555062,8.09984192276934,2301.59808329884,35.4378412068519,24.3823996493015,3.70244573065152,1966.49302724219
"213",1.3103625,8.09984192276934,2301.59808329884,35.4378412068519,24.3823996493015,3.70244573065152,1966.49302724219
"214",1.3132253,8.09984192276934,2301.59808329884,35.4378412068519,24.3823996493015,3.70244573065152,1966.49302724219
"215",1.2842184,8.09984192276934,2301.59808329884,35.4378412068519,24.3823996493015,3.70244573065152,1966.49302724219
"216",1.3373065,8.09984192276934,2301.59808329884,35.4378412068519,24.3823996493015,3.70244573065152,1966.49302724219
"217",1.4742999,8.09984192276934,2301.59808329884,35.4378412068519,24.3823996493015,3.70244573065152,1966.49302724219
"218",1.4787204,8.09984192276934,2301.59808329884,35.4378412068519,24.3823996493015,3.70244573065152,1966.49302724219
"219",1.4151494,8.09984192276934,2301.59808329884,35.4378412068519,24.3823996493015,3.70244573065152,1966.49302724219
"220",1.4354837,8.09984192276934,2301.59808329884,35.4378412068519,24.3823996493015,3.70244573065152,1966.49302724219
"221",1.3864372,8.09984192276934,2301.59808329884,35.4378412068519,24.3823996493015,3.70244573065152,1966.49302724219
"222",1.3405061,8.09984192276934,2301.59808329884,35.4378412068519,24.3823996493015,3.70244573065152,1966.49302724219
"223",1.1970293,8.09984192276934,2301.59808329884,35.4378412068519,24.3823996493015,3.70244573065152,1966.49302724219
"224",1.3710707,8.09984192276934,2301.59808329884,35.4378412068519,24.3823996493015,3.70244573065152,1966.49302724219
"225",1.3485893,8.09984192276934,2301.59808329884,35.4378412068519,24.3823996493015,3.70244573065152,1966.49302724219
"226",1.3820588,8.09984192276934,2301.59808329884,35.4378412068519,24.3823996493015,3.70244573065152,1966.49302724219
"227",1.2355508,8.09984192276934,2301.59808329884,35.4378412068519,24.3823996493015,3.70244573065152,1966.49302724219
"228",1.1493721,8.09984192276934,2301.59808329884,35.4378412068519,24.3823996493015,3.70244573065152,1966.49302724219
"229",1.3988146,8.09984192276934,2301.59808329884,35.4378412068519,24.3823996493015,3.70244573065152,1966.49302724219
"230",1.4648695,8.09984192276934,2301.59808329884,35.4378412068519,24.3823996493015,3.70244573065152,1966.49302724219
"231",1.4862563,8.09984192276934,2301.59808329884,35.4378412068519,24.3823996493015,3.70244573065152,1966.49302724219
"232",1.3013952,8.09984192276934,2301.59808329884,35.4378412068519,24.3823996493015,3.70244573065152,1966.49302724219
"233",1.4696689,8.09984192276934,2301.59808329884,35.4378412068519,24.3823996493015,3.70244573065152,1966.49302724219
"234",1.2929752,8.09984192276934,2301.59808329884,35.4378412068519,24.3823996493015,3.70244573065152,1966.49302724219
"235",1.331623,8.10914953629159,2267.08411774061,35.1530094425365,26.2995997839537,3.75987391794505,1929.94458022067
"236",1.294154,8.1090920106506,2267.31918816546,35.153997476127,26.2914926501452,3.75974336720546,1930.18059518853
"237",1.1926088,8.1090920106506,2267.31918816546,35.153997476127,26.2914926501452,3.75974336720546,1930.18059518853
"238",1.1687802,8.1090920106506,2267.31918816546,35.153997476127,26.2914926501452,3.75974336720546,1930.18059518853
"239",1.2868707,8.1090920106506,2267.31918816546,35.153997476127,26.2914926501452,3.75974336720546,1930.18059518853
"240",1.1217124,8.1090920106506,2267.31918816546,35.153997476127,26.2914926501452,3.75974336720546,1930.18059518853
"241",1.1555187,8.1090920106506,2267.31918816546,35.153997476127,26.2914926501452,3.75974336720546,1930.18059518853
"242",1.1868411,8.1090920106506,2267.31918816546,35.153997476127,26.2914926501452,3.75974336720546,1930.18059518853
"243",1.2035127,8.1090920106506,2267.31918816546,35.153997476127,26.2914926501452,3.75974336720546,1930.18059518853
"244",1.4765312,8.09953986977712,2301.87150550121,35.4624068896947,24.3937369973076,3.6987290538812,1966.97918569922
"245",1.4077819,8.09953986977712,2301.87150550121,35.4624068896947,24.3937369973076,3.6987290538812,1966.97918569922
"246",1.7027345,8.09953986977712,2301.87150550121,35.4624068896947,24.3937369973076,3.6987290538812,1966.97918569922
"247",1.3714917,8.09953986977712,2301.87150550121,35.4624068896947,24.3937369973076,3.6987290538812,1966.97918569922
"248",1.5371973,8.09953986977712,2301.87150550121,35.4624068896947,24.3937369973076,3.6987290538812,1966.97918569922
"249",1.4563653,8.09953986977712,2301.87150550121,35.4624068896947,24.3937369973076,3.6987290538812,1966.97918569922
"250",1.3162144,8.10949207096954,2264.59033499953,35.1266965868295,26.6399962694983,3.75919857763899,1927.57053886564
"251",1.2718831,8.10949207096954,2264.59033499953,35.1266965868295,26.6399962694983,3.75919857763899,1927.57053886564
"252",1.3423585,8.10949207096954,2264.59033499953,35.1266965868295,26.6399962694983,3.75919857763899,1927.57053886564
"253",1.2775245,8.10949207096954,2264.59033499953,35.1266965868295,26.6399962694983,3.75919857763899,1927.57053886564
"254",1.3213085,8.10949207096954,2264.59033499953,35.1266965868295,26.6399962694983,3.75919857763899,1927.57053886564
"255",1.2758826,8.10949207096954,2264.59033499953,35.1266965868295,26.6399962694983,3.75919857763899,1927.57053886564
"256",1.353094,8.10949207096954,2264.59033499953,35.1266965868295,26.6399962694983,3.75919857763899,1927.57053886564
"257",1.3388642,8.10949207096954,2264.59033499953,35.1266965868295,26.6399962694983,3.75919857763899,1927.57053886564
"258",1.3166775,8.10949207096954,2264.59033499953,35.1266965868295,26.6399962694983,3.75919857763899,1927.57053886564
"259",1.3233714,8.10949207096954,2264.59033499953,35.1266965868295,26.6399962694983,3.75919857763899,1927.57053886564
"260",1.3461896,8.10949207096954,2264.59033499953,35.1266965868295,26.6399962694983,3.75919857763899,1927.57053886564
"261",1.3106993,8.10949207096954,2264.59033499953,35.1266965868295,26.6399962694983,3.75919857763899,1927.57053886564
"262",1.3596195,8.10949207096954,2264.59033499953,35.1266965868295,26.6399962694983,3.75919857763899,1927.57053886564
"263",1.2368138,8.10949207096954,2264.59033499953,35.1266965868295,26.6399962694983,3.75919857763899,1927.57053886564
"264",1.2350456,8.10949207096954,2264.59033499953,35.1266965868295,26.6399962694983,3.75919857763899,1927.57053886564
"265",1.4239062,8.10949207096954,2264.59033499953,35.1266965868295,26.6399962694983,3.75919857763899,1927.57053886564
"266",1.2424131,8.10949207096954,2264.59033499953,35.1266965868295,26.6399962694983,3.75919857763899,1927.57053886564
"267",1.3774278,8.10949207096954,2264.59033499953,35.1266965868295,26.6399962694983,3.75919857763899,1927.57053886564
"268",1.2341615,8.10949207096954,2264.59033499953,35.1266965868295,26.6399962694983,3.75919857763899,1927.57053886564
"269",1.3416428,8.10949207096954,2264.59033499953,35.1266965868295,26.6399962694983,3.75919857763899,1927.57053886564
"270",1.366987,8.10949207096954,2264.59033499953,35.1266965868295,26.6399962694983,3.75919857763899,1927.57053886564
"271",1.3794065,8.10949207096954,2264.59033499953,35.1266965868295,26.6399962694983,3.75919857763899,1927.57053886564
"272",1.3151619,8.10949207096954,2264.59033499953,35.1266965868295,26.6399962694983,3.75919857763899,1927.57053886564
"273",1.3062367,8.10949207096954,2264.59033499953,35.1266965868295,26.6399962694983,3.75919857763899,1927.57053886564
"274",1.366566,8.10949207096954,2264.59033499953,35.1266965868295,26.6399962694983,3.75919857763899,1927.57053886564
"275",1.3737651,8.10949207096954,2264.59033499953,35.1266965868295,26.6399962694983,3.75919857763899,1927.57053886564
"276",1.3863951,8.10949207096954,2264.59033499953,35.1266965868295,26.6399962694983,3.75919857763899,1927.57053886564
"277",1.4180543,8.10949207096954,2264.59033499953,35.1266965868295,26.6399962694983,3.75919857763899,1927.57053886564
"278",1.369092,8.10949207096954,2264.59033499953,35.1266965868295,26.6399962694983,3.75919857763899,1927.57053886564
"279",1.4025615,8.10949207096954,2264.59033499953,35.1266965868295,26.6399962694983,3.75919857763899,1927.57053886564
"280",1.3815536,8.10949207096954,2264.59033499953,35.1266965868295,26.6399962694983,3.75919857763899,1927.57053886564
"281",1.3291391,8.10949207096954,2264.59033499953,35.1266965868295,26.6399962694983,3.75919857763899,1927.57053886564
"282",1.3591564,8.10949207096954,2264.59033499953,35.1266965868295,26.6399962694983,3.75919857763899,1927.57053886564
"283",1.331202,8.10949207096954,2264.59033499953,35.1266965868295,26.6399962694983,3.75919857763899,1927.57053886564
"284",1.3245923,8.10949207096954,2264.59033499953,35.1266965868295,26.6399962694983,3.75919857763899,1927.57053886564
"285",1.3020267,8.10949207096954,2264.59033499953,35.1266965868295,26.6399962694983,3.75919857763899,1927.57053886564
"286",1.3683342,8.10949207096954,2264.59033499953,35.1266965868295,26.6399962694983,3.75919857763899,1927.57053886564
"287",1.381301,8.10949207096954,2264.59033499953,35.1266965868295,26.6399962694983,3.75919857763899,1927.57053886564
"288",1.3666081,8.10949207096954,2264.59033499953,35.1266965868295,26.6399962694983,3.75919857763899,1927.57053886564
"289",1.3535571,8.10949207096954,2264.59033499953,35.1266965868295,26.6399962694983,3.75919857763899,1927.57053886564
"290",1.3487998,8.10949207096954,2264.59033499953,35.1266965868295,26.6399962694983,3.75919857763899,1927.57053886564
"291",1.0296397,8.10580975839183,2248.38718223224,34.852343282942,27.1187944737687,3.71682484922577,1915.44118189813
"292",1.1189759,8.10580975839183,2248.38718223224,34.852343282942,27.1187944737687,3.71682484922577,1915.44118189813
"293",1.1280695,8.10580975839183,2248.38718223224,34.852343282942,27.1187944737687,3.71682484922577,1915.44118189813
"294",1.033555,8.10580975839183,2248.38718223224,34.852343282942,27.1187944737687,3.71682484922577,1915.44118189813
"295",1.0104421,8.10580975839183,2248.38718223224,34.852343282942,27.1187944737687,3.71682484922577,1915.44118189813
"296",1.0626461,8.10580975839183,2248.38718223224,34.852343282942,27.1187944737687,3.71682484922577,1915.44118189813
"297",1.0241667,8.10587307376605,2248.72511812597,34.8538727108945,27.1174953718453,3.71788132478169,1915.67241080879
"298",1.0570468,8.10587307376605,2248.72511812597,34.8538727108945,27.1174953718453,3.71788132478169,1915.67241080879
"299",0.8813635,8.10587307376605,2248.72511812597,34.8538727108945,27.1174953718453,3.71788132478169,1915.67241080879
"300",1.0652984,8.10587307376605,2248.72511812597,34.8538727108945,27.1174953718453,3.71788132478169,1915.67241080879
"301",1.0735079,8.10587307376605,2248.72511812597,34.8538727108945,27.1174953718453,3.71788132478169,1915.67241080879
"302",1.0820542,8.10587307376605,2248.72511812597,34.8538727108945,27.1174953718453,3.71788132478169,1915.67241080879
"303",1.0683296,8.10587307376605,2248.72511812597,34.8538727108945,27.1174953718453,3.71788132478169,1915.67241080879
"304",0.9791618,8.10809765219258,2247.10256841643,34.8945700335312,27.127387620773,3.72994039091214,1913.08776045313
"305",1.1284484,8.10809765219258,2247.10256841643,34.8945700335312,27.127387620773,3.72994039091214,1913.08776045313
"306",1.1607812,8.10809765219258,2247.10256841643,34.8945700335312,27.127387620773,3.72994039091214,1913.08776045313
"307",1.101757,8.10809765219258,2247.10256841643,34.8945700335312,27.127387620773,3.72994039091214,1913.08776045313
"308",1.0857169,8.11007445717308,2261.59715936917,35.1264238094817,26.6456481825924,3.75952257718711,1924.64709461659
"309",1.1426361,8.11007445717308,2261.59715936917,35.1264238094817,26.6456481825924,3.75952257718711,1924.64709461659
"310",1.1516876,8.11007445717308,2261.59715936917,35.1264238094817,26.6456481825924,3.75952257718711,1924.64709461659
"311",1.159434,8.11007445717308,2261.59715936917,35.1264238094817,26.6456481825924,3.75952257718711,1924.64709461659
"312",1.1470987,8.11007445717308,2261.59715936917,35.1264238094817,26.6456481825924,3.75952257718711,1924.64709461659
"313",1.0273663,8.10949246996161,2264.58584452684,35.1267033334739,26.6399984112816,3.75919568554444,1927.56636956661
"314",1.0204198,8.10949246996161,2264.58584452684,35.1267033334739,26.6399984112816,3.75919568554444,1927.56636956661
"315",1.0864747,8.10949246996161,2264.58584452684,35.1267033334739,26.6399984112816,3.75919568554444,1927.56636956661
"316",1.0410067,8.10947047857671,2264.87816897919,35.1261126214832,26.6404694088938,3.75941460427862,1927.835855807
"317",1.0890007,8.10947047857671,2264.87816897919,35.1261126214832,26.6404694088938,3.75941460427862,1927.835855807
"318",1.0649195,8.10947047857671,2264.87816897919,35.1261126214832,26.6404694088938,3.75941460427862,1927.835855807
"319",1.0609621,8.10947047857671,2264.87816897919,35.1261126214832,26.6404694088938,3.75941460427862,1927.835855807
"320",1.0079582,8.10450754434863,2291.17209046592,35.3423796261216,25.1126402295011,3.74888204948318,1953.79775745685
"321",1.0432801,8.10450754434863,2291.17209046592,35.3423796261216,25.1126402295011,3.74888204948318,1953.79775745685
"322",1.0413435,8.10450754434863,2291.17209046592,35.3423796261216,25.1126402295011,3.74888204948318,1953.79775745685
"323",0.9420717,8.10450754434863,2291.17209046592,35.3423796261216,25.1126402295011,3.74888204948318,1953.79775745685
"324",1.0340602,8.10450754434863,2291.17209046592,35.3423796261216,25.1126402295011,3.74888204948318,1953.79775745685
"325",1.1502983,8.10450754434863,2291.17209046592,35.3423796261216,25.1126402295011,3.74888204948318,1953.79775745685
"326",1.0724975,8.10450754434863,2291.17209046592,35.3423796261216,25.1126402295011,3.74888204948318,1953.79775745685
"327",1.0535946,8.10450754434863,2291.17209046592,35.3423796261216,25.1126402295011,3.74888204948318,1953.79775745685
"328",1.028503,8.10450754434863,2291.17209046592,35.3423796261216,25.1126402295011,3.74888204948318,1953.79775745685
"329",1.0838645,8.10349153817464,2292.52326955674,35.3459349724984,25.0820194560853,3.7399119283075,1955.63167565824
"330",1.4104763,8.10349153817464,2292.52326955674,35.3459349724984,25.0820194560853,3.7399119283075,1955.63167565824
"331",1.4137601,8.10349153817464,2292.52326955674,35.3459349724984,25.0820194560853,3.7399119283075,1955.63167565824
"332",1.068498,8.10349153817464,2292.52326955674,35.3459349724984,25.0820194560853,3.7399119283075,1955.63167565824
"333",1.0020642,8.10349153817464,2292.52326955674,35.3459349724984,25.0820194560853,3.7399119283075,1955.63167565824
"334",1.1634335,8.10991321554925,2261.71727186693,35.1265032782112,26.6468000921406,3.75851604712903,1924.82791412522
"335",1.1126188,8.10991321554925,2261.71727186693,35.1265032782112,26.6468000921406,3.75851604712903,1924.82791412522
"336",1.0895059,8.10991321554925,2261.71727186693,35.1265032782112,26.6468000921406,3.75851604712903,1924.82791412522
"337",1.0785178,8.10991321554925,2261.71727186693,35.1265032782112,26.6468000921406,3.75851604712903,1924.82791412522
"338",1.4022247,8.10991321554925,2261.71727186693,35.1265032782112,26.6468000921406,3.75851604712903,1924.82791412522
"339",1.1989659,8.10991321554925,2261.71727186693,35.1265032782112,26.6468000921406,3.75851604712903,1924.82791412522
"340",1.1881041,8.10991321554925,2261.71727186693,35.1265032782112,26.6468000921406,3.75851604712903,1924.82791412522
"341",1.0616778,8.10991321554925,2261.71727186693,35.1265032782112,26.6468000921406,3.75851604712903,1924.82791412522
"342",1.0948105,8.10991321554925,2261.71727186693,35.1265032782112,26.6468000921406,3.75851604712903,1924.82791412522
"343",1.132069,8.10991321554925,2261.71727186693,35.1265032782112,26.6468000921406,3.75851604712903,1924.82791412522
"344",1.2153428,8.10991321554925,2261.71727186693,35.1265032782112,26.6468000921406,3.75851604712903,1924.82791412522
"345",1.0959893,8.10991321554925,2261.71727186693,35.1265032782112,26.6468000921406,3.75851604712903,1924.82791412522
"346",1.0426907,8.10991321554925,2261.71727186693,35.1265032782112,26.6468000921406,3.75851604712903,1924.82791412522
"347",0.9941494,8.10991321554925,2261.71727186693,35.1265032782112,26.6468000921406,3.75851604712903,1924.82791412522
"348",1.1427203,8.10947047857671,2264.87816897919,35.1261126214832,26.6404694088938,3.75941460427862,1927.835855807
"349",1.1516876,8.10947047857671,2264.87816897919,35.1261126214832,26.6404694088938,3.75941460427862,1927.835855807
"350",1.0025273,8.10947047857671,2264.87816897919,35.1261126214832,26.6404694088938,3.75941460427862,1927.835855807
"351",1.3461475,8.10947047857671,2264.87816897919,35.1261126214832,26.6404694088938,3.75941460427862,1927.835855807
"352",1.2356771,8.10947047857671,2264.87816897919,35.1261126214832,26.6404694088938,3.75941460427862,1927.835855807
"353",1.1005782,8.10947047857671,2264.87816897919,35.1261126214832,26.6404694088938,3.75941460427862,1927.835855807
"354",1.0799913,8.10947047857671,2264.87816897919,35.1261126214832,26.6404694088938,3.75941460427862,1927.835855807
"355",1.0097685,8.10947047857671,2264.87816897919,35.1261126214832,26.6404694088938,3.75941460427862,1927.835855807
"356",1.0972523,8.10947047857671,2264.87816897919,35.1261126214832,26.6404694088938,3.75941460427862,1927.835855807
"357",1.2019971,8.10947047857671,2264.87816897919,35.1261126214832,26.6404694088938,3.75941460427862,1927.835855807
"358",0.952302,8.10947047857671,2264.87816897919,35.1261126214832,26.6404694088938,3.75941460427862,1927.835855807
"359",1.032292,8.10947047857671,2264.87816897919,35.1261126214832,26.6404694088938,3.75941460427862,1927.835855807
"360",1.0086318,8.10947047857671,2264.87816897919,35.1261126214832,26.6404694088938,3.75941460427862,1927.835855807
"361",1.0724975,8.10947047857671,2264.87816897919,35.1261126214832,26.6404694088938,3.75941460427862,1927.835855807
"362",1.3813431,8.10947047857671,2264.87816897919,35.1261126214832,26.6404694088938,3.75941460427862,1927.835855807
"363",1.0271979,8.10947047857671,2264.87816897919,35.1261126214832,26.6404694088938,3.75941460427862,1927.835855807
"364",1.1803577,8.10947047857671,2264.87816897919,35.1261126214832,26.6404694088938,3.75941460427862,1927.835855807
"365",1.0470691,8.10947047857671,2264.87816897919,35.1261126214832,26.6404694088938,3.75941460427862,1927.835855807
"366",1.0194094,8.10947047857671,2264.87816897919,35.1261126214832,26.6404694088938,3.75941460427862,1927.835855807
"367",1.1358159,8.10947047857671,2264.87816897919,35.1261126214832,26.6404694088938,3.75941460427862,1927.835855807
"368",1.2345404,8.10947047857671,2264.87816897919,35.1261126214832,26.6404694088938,3.75941460427862,1927.835855807
"369",1.2003552,8.10947047857671,2264.87816897919,35.1261126214832,26.6404694088938,3.75941460427862,1927.835855807
"370",1.2413606,8.10947047857671,2264.87816897919,35.1261126214832,26.6404694088938,3.75941460427862,1927.835855807
"371",1.2592531,8.10947047857671,2264.87816897919,35.1261126214832,26.6404694088938,3.75941460427862,1927.835855807
"372",0.9928864,8.10947047857671,2264.87816897919,35.1261126214832,26.6404694088938,3.75941460427862,1927.835855807
"373",1.2206895,8.10947047857671,2264.87816897919,35.1261126214832,26.6404694088938,3.75941460427862,1927.835855807
"374",1.1143028,8.10949207096954,2264.59033499953,35.1266965868295,26.6399962694983,3.75919857763899,1927.57053886564
"375",1.0387333,8.10949207096954,2264.59033499953,35.1266965868295,26.6399962694983,3.75919857763899,1927.57053886564
"376",0.9648478,8.10949207096954,2264.59033499953,35.1266965868295,26.6399962694983,3.75919857763899,1927.57053886564
"377",1.1214177,8.10949207096954,2264.59033499953,35.1266965868295,26.6399962694983,3.75919857763899,1927.57053886564
"378",1.0654668,8.10949207096954,2264.59033499953,35.1266965868295,26.6399962694983,3.75919857763899,1927.57053886564
"379",1.1667173,8.10949207096954,2264.59033499953,35.1266965868295,26.6399962694983,3.75919857763899,1927.57053886564
"380",1.0191147,8.10949207096954,2264.59033499953,35.1266965868295,26.6399962694983,3.75919857763899,1927.57053886564
"381",1.0839066,8.10949207096954,2264.59033499953,35.1266965868295,26.6399962694983,3.75919857763899,1927.57053886564
"382",1.1364474,8.10949207096954,2264.59033499953,35.1266965868295,26.6399962694983,3.75919857763899,1927.57053886564
"383",1.1208704,8.10949207096954,2264.59033499953,35.1266965868295,26.6399962694983,3.75919857763899,1927.57053886564
"384",1.1780001,8.10949207096954,2264.59033499953,35.1266965868295,26.6399962694983,3.75919857763899,1927.57053886564
"385",1.4085397,8.10949207096954,2264.59033499953,35.1266965868295,26.6399962694983,3.75919857763899,1927.57053886564
"386",1.1986712,8.10949207096954,2264.59033499953,35.1266965868295,26.6399962694983,3.75919857763899,1927.57053886564
"387",1.1645702,8.10949207096954,2264.59033499953,35.1266965868295,26.6399962694983,3.75919857763899,1927.57053886564
"388",1.1485722,8.10949207096954,2264.59033499953,35.1266965868295,26.6399962694983,3.75919857763899,1927.57053886564
"389",1.0870641,8.10949207096954,2264.59033499953,35.1266965868295,26.6399962694983,3.75919857763899,1927.57053886564
"390",1.0848749,8.10949207096954,2264.59033499953,35.1266965868295,26.6399962694983,3.75919857763899,1927.57053886564
"391",1.1832205,8.10949207096954,2264.59033499953,35.1266965868295,26.6399962694983,3.75919857763899,1927.57053886564
"392",1.1012097,8.10949207096954,2264.59033499953,35.1266965868295,26.6399962694983,3.75919857763899,1927.57053886564
"393",1.0317026,8.10949207096954,2264.59033499953,35.1266965868295,26.6399962694983,3.75919857763899,1927.57053886564
"394",1.0930844,8.10949207096954,2264.59033499953,35.1266965868295,26.6399962694983,3.75919857763899,1927.57053886564
"395",1.123649,8.10949207096954,2264.59033499953,35.1266965868295,26.6399962694983,3.75919857763899,1927.57053886564
"396",1.1119452,8.11341428948775,2253.29635889576,35.1039394011697,26.6175200399886,3.77155273978648,1915.8140905416
"397",1.121123,8.11341428948775,2253.29635889576,35.1039394011697,26.6175200399886,3.77155273978648,1915.8140905416
"398",0.9962965,8.11341428948775,2253.29635889576,35.1039394011697,26.6175200399886,3.77155273978648,1915.8140905416
"399",1.3416007,8.11341428948775,2253.29635889576,35.1039394011697,26.6175200399886,3.77155273978648,1915.8140905416
"400",0.9405561,8.11341428948775,2253.29635889576,35.1039394011697,26.6175200399886,3.77155273978648,1915.8140905416
"401",1.3264447,8.11341428948775,2253.29635889576,35.1039394011697,26.6175200399886,3.77155273978648,1915.8140905416
"402",1.4490399,8.11341428948775,2253.29635889576,35.1039394011697,26.6175200399886,3.77155273978648,1915.8140905416
"403",1.3931311,8.11341428948775,2253.29635889576,35.1039394011697,26.6175200399886,3.77155273978648,1915.8140905416
"404",1.570751,8.11341428948775,2253.29635889576,35.1039394011697,26.6175200399886,3.77155273978648,1915.8140905416
"405",1.3827324,8.11341428948775,2253.29635889576,35.1039394011697,26.6175200399886,3.77155273978648,1915.8140905416
"406",1.4969076,8.11341428948775,2253.29635889576,35.1039394011697,26.6175200399886,3.77155273978648,1915.8140905416
"407",1.0394069,8.11341428948775,2253.29635889576,35.1039394011697,26.6175200399886,3.77155273978648,1915.8140905416
"408",1.4513975,8.11341428948775,2253.29635889576,35.1039394011697,26.6175200399886,3.77155273978648,1915.8140905416
"409",1.6208921,8.11341428948775,2253.29635889576,35.1039394011697,26.6175200399886,3.77155273978648,1915.8140905416
"410",1.6917464,8.11341428948775,2253.29635889576,35.1039394011697,26.6175200399886,3.77155273978648,1915.8140905416
"411",1.0093054,8.11341428948775,2253.29635889576,35.1039394011697,26.6175200399886,3.77155273978648,1915.8140905416
"412",0.839474,8.11341428948775,2253.29635889576,35.1039394011697,26.6175200399886,3.77155273978648,1915.8140905416
"413",1.72189,8.09946762200415,2301.68597945036,35.4594641977489,24.3907020870895,3.69786903900678,1966.86667274133
"414",1.2749143,8.11283429873095,2306.67945402652,35.356962369506,24.5018290992913,3.80034922161619,1959.35335777018
"415",1.2339931,8.11283429873095,2306.67945402652,35.356962369506,24.5018290992913,3.80034922161619,1959.35335777018
"416",1.1669699,8.11283429873095,2306.67945402652,35.356962369506,24.5018290992913,3.80034922161619,1959.35335777018
"417",1.1850308,8.11283429873095,2306.67945402652,35.356962369506,24.5018290992913,3.80034922161619,1959.35335777018
"418",1.1765266,8.11283429873095,2306.67945402652,35.356962369506,24.5018290992913,3.80034922161619,1959.35335777018
"419",1.149751,8.11283429873095,2306.67945402652,35.356962369506,24.5018290992913,3.80034922161619,1959.35335777018
"420",1.2726409,8.11283429873095,2306.67945402652,35.356962369506,24.5018290992913,3.80034922161619,1959.35335777018
"421",1.2261625,8.11283429873095,2306.67945402652,35.356962369506,24.5018290992913,3.80034922161619,1959.35335777018
"422",1.223426,8.11283429873095,2306.67945402652,35.356962369506,24.5018290992913,3.80034922161619,1959.35335777018
"423",1.2084384,8.11283429873095,2306.67945402652,35.356962369506,24.5018290992913,3.80034922161619,1959.35335777018
"424",1.2155954,8.11283429873095,2306.67945402652,35.356962369506,24.5018290992913,3.80034922161619,1959.35335777018
"425",1.2267519,8.11283429873095,2306.67945402652,35.356962369506,24.5018290992913,3.80034922161619,1959.35335777018
"426",1.2034285,8.11283429873095,2306.67945402652,35.356962369506,24.5018290992913,3.80034922161619,1959.35335777018
"427",1.1424256,8.11283429873095,2306.67945402652,35.356962369506,24.5018290992913,3.80034922161619,1959.35335777018
"428",1.1979976,8.11283429873095,2306.67945402652,35.356962369506,24.5018290992913,3.80034922161619,1959.35335777018
"429",1.1564449,8.11283429873095,2306.67945402652,35.356962369506,24.5018290992913,3.80034922161619,1959.35335777018
"430",1.2084384,8.11283429873095,2306.67945402652,35.356962369506,24.5018290992913,3.80034922161619,1959.35335777018
"431",1.1683592,8.11283429873095,2306.67945402652,35.356962369506,24.5018290992913,3.80034922161619,1959.35335777018
"432",1.2348772,8.11283429873095,2306.67945402652,35.356962369506,24.5018290992913,3.80034922161619,1959.35335777018
"433",1.225952,8.11283429873095,2306.67945402652,35.356962369506,24.5018290992913,3.80034922161619,1959.35335777018
"434",1.0647511,8.09677261328371,2176.6002968177,33.2982288982111,28.4549110023116,3.47453838470421,1870.91476937578
"435",1.0451746,8.09677261328371,2176.6002968177,33.2982288982111,28.4549110023116,3.47453838470421,1870.91476937578
"436",1.1460883,8.09677261328371,2176.6002968177,33.2982288982111,28.4549110023116,3.47453838470421,1870.91476937578
"437",1.003664,8.09677261328371,2176.6002968177,33.2982288982111,28.4549110023116,3.47453838470421,1870.91476937578
"438",0.9698156,8.09677261328371,2176.6002968177,33.2982288982111,28.4549110023116,3.47453838470421,1870.91476937578
"439",1.1063459,8.09677261328371,2176.6002968177,33.2982288982111,28.4549110023116,3.47453838470421,1870.91476937578
"440",1.0050954,8.09677261328371,2176.6002968177,33.2982288982111,28.4549110023116,3.47453838470421,1870.91476937578
"441",1.0189042,8.09677261328371,2176.6002968177,33.2982288982111,28.4549110023116,3.47453838470421,1870.91476937578
"442",0.9692262,8.09677261328371,2176.6002968177,33.2982288982111,28.4549110023116,3.47453838470421,1870.91476937578
"443",1.0016853,8.09677261328371,2176.6002968177,33.2982288982111,28.4549110023116,3.47453838470421,1870.91476937578
"444",1.0374282,8.09677261328371,2176.6002968177,33.2982288982111,28.4549110023116,3.47453838470421,1870.91476937578
"445",1.2088594,8.09677261328371,2176.6002968177,33.2982288982111,28.4549110023116,3.47453838470421,1870.91476937578
"446",0.9998329,8.09677261328371,2176.6002968177,33.2982288982111,28.4549110023116,3.47453838470421,1870.91476937578
"447",1.0649195,8.09677261328371,2176.6002968177,33.2982288982111,28.4549110023116,3.47453838470421,1870.91476937578
"448",0.9852663,8.09677261328371,2176.6002968177,33.2982288982111,28.4549110023116,3.47453838470421,1870.91476937578
"449",1.0284609,8.09677261328371,2176.6002968177,33.2982288982111,28.4549110023116,3.47453838470421,1870.91476937578
"450",0.9473342,8.0978099530946,2190.19737313478,33.3404709433616,28.7654763911061,3.51614402450559,1880.48014583953
"451",1.1155237,8.0978099530946,2190.19737313478,33.3404709433616,28.7654763911061,3.51614402450559,1880.48014583953
"452",1.1048303,8.0978099530946,2190.19737313478,33.3404709433616,28.7654763911061,3.51614402450559,1880.48014583953
"453",1.015873,8.0978099530946,2190.19737313478,33.3404709433616,28.7654763911061,3.51614402450559,1880.48014583953
"454",1.2101224,8.0978099530946,2190.19737313478,33.3404709433616,28.7654763911061,3.51614402450559,1880.48014583953
"455",1.0193252,8.0978099530946,2190.19737313478,33.3404709433616,28.7654763911061,3.51614402450559,1880.48014583953
"456",0.9792881,8.0978099530946,2190.19737313478,33.3404709433616,28.7654763911061,3.51614402450559,1880.48014583953
"457",1.0269032,8.0978099530946,2190.19737313478,33.3404709433616,28.7654763911061,3.51614402450559,1880.48014583953
"458",1.099652,8.0978099530946,2190.19737313478,33.3404709433616,28.7654763911061,3.51614402450559,1880.48014583953
"459",1.0556154,8.0978099530946,2190.19737313478,33.3404709433616,28.7654763911061,3.51614402450559,1880.48014583953
"460",0.9630796,8.0978099530946,2190.19737313478,33.3404709433616,28.7654763911061,3.51614402450559,1880.48014583953
"461",1.0775074,8.0978099530946,2190.19737313478,33.3404709433616,28.7654763911061,3.51614402450559,1880.48014583953
"462",0.9968859,8.0978099530946,2190.19737313478,33.3404709433616,28.7654763911061,3.51614402450559,1880.48014583953
"463",0.9944862,8.0978099530946,2190.19737313478,33.3404709433616,28.7654763911061,3.51614402450559,1880.48014583953
"464",1.1137555,8.0978099530946,2190.19737313478,33.3404709433616,28.7654763911061,3.51614402450559,1880.48014583953
"465",1.0159993,8.0978099530946,2190.19737313478,33.3404709433616,28.7654763911061,3.51614402450559,1880.48014583953
"466",0.9823193,8.0978099530946,2190.19737313478,33.3404709433616,28.7654763911061,3.51614402450559,1880.48014583953
"467",1.1648228,8.00587639686523,2228.33533868984,33.0535870162319,24.2860468711881,2.88583235720143,1969.67772695303
"468",1.1719377,8.00587639686523,2228.33533868984,33.0535870162319,24.2860468711881,2.88583235720143,1969.67772695303
"469",1.1066827,8.00587639686523,2228.33533868984,33.0535870162319,24.2860468711881,2.88583235720143,1969.67772695303
"470",1.1737901,8.00587639686523,2228.33533868984,33.0535870162319,24.2860468711881,2.88583235720143,1969.67772695303
"471",1.119018,8.00587639686523,2228.33533868984,33.0535870162319,24.2860468711881,2.88583235720143,1969.67772695303
"472",1.1582552,8.00587639686523,2228.33533868984,33.0535870162319,24.2860468711881,2.88583235720143,1969.67772695303
"473",1.1945875,8.00587639686523,2228.33533868984,33.0535870162319,24.2860468711881,2.88583235720143,1969.67772695303
"474",1.3245081,8.00587639686523,2228.33533868984,33.0535870162319,24.2860468711881,2.88583235720143,1969.67772695303
"475",1.2704938,8.00587639686523,2228.33533868984,33.0535870162319,24.2860468711881,2.88583235720143,1969.67772695303
"476",1.1233543,8.00587639686523,2228.33533868984,33.0535870162319,24.2860468711881,2.88583235720143,1969.67772695303
"477",1.1622547,8.00587639686523,2228.33533868984,33.0535870162319,24.2860468711881,2.88583235720143,1969.67772695303
"478",1.2131536,8.00587639686523,2228.33533868984,33.0535870162319,24.2860468711881,2.88583235720143,1969.67772695303
"479",1.2535275,8.00587639686523,2228.33533868984,33.0535870162319,24.2860468711881,2.88583235720143,1969.67772695303
"480",1.2184161,8.00587639686523,2228.33533868984,33.0535870162319,24.2860468711881,2.88583235720143,1969.67772695303
"481",1.1733691,8.00587639686523,2228.33533868984,33.0535870162319,24.2860468711881,2.88583235720143,1969.67772695303
"482",1.1701695,8.00587639686523,2228.33533868984,33.0535870162319,24.2860468711881,2.88583235720143,1969.67772695303
"483",1.1576658,8.00587639686523,2228.33533868984,33.0535870162319,24.2860468711881,2.88583235720143,1969.67772695303
"484",1.1151027,8.00587639686523,2228.33533868984,33.0535870162319,24.2860468711881,2.88583235720143,1969.67772695303
"485",1.2664943,8.10492171901273,2288.09357191847,35.278629636567,25.4243772859527,3.74894587662371,1950.84933912633
"486",1.1198179,8.10492171901273,2288.09357191847,35.278629636567,25.4243772859527,3.74894587662371,1950.84933912633
"487",1.3744808,8.10492171901273,2288.09357191847,35.278629636567,25.4243772859527,3.74894587662371,1950.84933912633
"488",1.2020813,8.10492171901273,2288.09357191847,35.278629636567,25.4243772859527,3.74894587662371,1950.84933912633
"489",1.4922766,8.10492171901273,2288.09357191847,35.278629636567,25.4243772859527,3.74894587662371,1950.84933912633
"490",1.3738493,8.10492171901273,2288.09357191847,35.278629636567,25.4243772859527,3.74894587662371,1950.84933912633
"491",1.068498,8.05020181323015,2262.5540541039,33.9950590381367,26.853968419167,3.26403256589547,1967.11882708145
"492",0.983456,8.05020181323015,2262.5540541039,33.9950590381367,26.853968419167,3.26403256589547,1967.11882708145
"493",1.200271,8.05020181323015,2262.5540541039,33.9950590381367,26.853968419167,3.26403256589547,1967.11882708145
"494",1.115229,8.05020181323015,2262.5540541039,33.9950590381367,26.853968419167,3.26403256589547,1967.11882708145
"495",0.994823,8.05020181323015,2262.5540541039,33.9950590381367,26.853968419167,3.26403256589547,1967.11882708145
"496",1.015031,8.05020181323015,2262.5540541039,33.9950590381367,26.853968419167,3.26403256589547,1967.11882708145
"497",1.11144,8.05020181323015,2262.5540541039,33.9950590381367,26.853968419167,3.26403256589547,1967.11882708145
"498",1.062604,8.05020181323015,2262.5540541039,33.9950590381367,26.853968419167,3.26403256589547,1967.11882708145
"499",1.028082,8.05020181323015,2262.5540541039,33.9950590381367,26.853968419167,3.26403256589547,1967.11882708145
"500",1.011663,8.05020181323015,2262.5540541039,33.9950590381367,26.853968419167,3.26403256589547,1967.11882708145
"501",1.067235,8.05020181323015,2262.5540541039,33.9950590381367,26.853968419167,3.26403256589547,1967.11882708145
"502",1.029766,8.05020181323015,2262.5540541039,33.9950590381367,26.853968419167,3.26403256589547,1967.11882708145
"503",1.10302,8.05020181323015,2262.5540541039,33.9950590381367,26.853968419167,3.26403256589547,1967.11882708145
"504",1.113966,8.05020181323015,2262.5540541039,33.9950590381367,26.853968419167,3.26403256589547,1967.11882708145
"505",1.092916,8.05020181323015,2262.5540541039,33.9950590381367,26.853968419167,3.26403256589547,1967.11882708145
"506",1.114387,8.05020181323015,2262.5540541039,33.9950590381367,26.853968419167,3.26403256589547,1967.11882708145
"507",1.06092,8.05020181323015,2262.5540541039,33.9950590381367,26.853968419167,3.26403256589547,1967.11882708145
"508",1.120702,8.05020181323015,2262.5540541039,33.9950590381367,26.853968419167,3.26403256589547,1967.11882708145
"509",1.121544,8.05020181323015,2262.5540541039,33.9950590381367,26.853968419167,3.26403256589547,1967.11882708145
"510",1.103862,8.05020181323015,2262.5540541039,33.9950590381367,26.853968419167,3.26403256589547,1967.11882708145
"511",1.105546,8.05020181323015,2262.5540541039,33.9950590381367,26.853968419167,3.26403256589547,1967.11882708145
"512",1.118597,8.05020181323015,2262.5540541039,33.9950590381367,26.853968419167,3.26403256589547,1967.11882708145
"513",1.103441,8.05020181323015,2262.5540541039,33.9950590381367,26.853968419167,3.26403256589547,1967.11882708145
"514",1.148067,8.05020181323015,2262.5540541039,33.9950590381367,26.853968419167,3.26403256589547,1967.11882708145
"515",1.066814,8.05020181323015,2262.5540541039,33.9950590381367,26.853968419167,3.26403256589547,1967.11882708145
"516",1.070603,8.05020181323015,2262.5540541039,33.9950590381367,26.853968419167,3.26403256589547,1967.11882708145
"517",1.071445,8.05020181323015,2262.5540541039,33.9950590381367,26.853968419167,3.26403256589547,1967.11882708145
"518",1.089548,8.05020181323015,2262.5540541039,33.9950590381367,26.853968419167,3.26403256589547,1967.11882708145
"519",1.055868,8.05020181323015,2262.5540541039,33.9950590381367,26.853968419167,3.26403256589547,1967.11882708145
"520",1.029345,8.05020181323015,2262.5540541039,33.9950590381367,26.853968419167,3.26403256589547,1967.11882708145
"521",1.051237,8.05020181323015,2262.5540541039,33.9950590381367,26.853968419167,3.26403256589547,1967.11882708145
"522",1.028503,8.05020181323015,2262.5540541039,33.9950590381367,26.853968419167,3.26403256589547,1967.11882708145
"523",1.025135,8.05020181323015,2262.5540541039,33.9950590381367,26.853968419167,3.26403256589547,1967.11882708145
"524",1.028503,8.05020181323015,2262.5540541039,33.9950590381367,26.853968419167,3.26403256589547,1967.11882708145
"525",1.039028,8.05020181323015,2262.5540541039,33.9950590381367,26.853968419167,3.26403256589547,1967.11882708145
"526",1.057973,8.05020181323015,2262.5540541039,33.9950590381367,26.853968419167,3.26403256589547,1967.11882708145
"527",1.052921,8.05031190770879,2203.24117946248,33.4997209694777,26.5977590584256,3.16417528160086,1922.04690292032
"528",1.021767,8.05031190770879,2203.24117946248,33.4997209694777,26.5977590584256,3.16417528160086,1922.04690292032
"529",1.089127,8.05031190770879,2203.24117946248,33.4997209694777,26.5977590584256,3.16417528160086,1922.04690292032
"530",1.036081,8.05031190770879,2203.24117946248,33.4997209694777,26.5977590584256,3.16417528160086,1922.04690292032
"531",1.012505,8.05031190770879,2203.24117946248,33.4997209694777,26.5977590584256,3.16417528160086,1922.04690292032
"532",1.01461,8.05031190770879,2203.24117946248,33.4997209694777,26.5977590584256,3.16417528160086,1922.04690292032
"533",1.03566,8.15039665863672,2283.6236836701,34.854407559377,27.9408914512442,4.05855720493439,1935.51158645431
"534",1.061762,8.15039665863672,2283.6236836701,34.854407559377,27.9408914512442,4.05855720493439,1935.51158645431
"535",1.069761,8.15039665863672,2283.6236836701,34.854407559377,27.9408914512442,4.05855720493439,1935.51158645431
"536",1.072287,8.15039665863672,2283.6236836701,34.854407559377,27.9408914512442,4.05855720493439,1935.51158645431
"537",1.066814,8.15039665863672,2283.6236836701,34.854407559377,27.9408914512442,4.05855720493439,1935.51158645431
"538",1.0525,8.15039665863672,2283.6236836701,34.854407559377,27.9408914512442,4.05855720493439,1935.51158645431
"539",1.076497,8.15039665863672,2283.6236836701,34.854407559377,27.9408914512442,4.05855720493439,1935.51158645431
"540",1.092495,8.15039665863672,2283.6236836701,34.854407559377,27.9408914512442,4.05855720493439,1935.51158645431
"541",1.041133,8.15039665863672,2283.6236836701,34.854407559377,27.9408914512442,4.05855720493439,1935.51158645431
"542",1.069761,8.15039665863672,2283.6236836701,34.854407559377,27.9408914512442,4.05855720493439,1935.51158645431
"543",1.039449,8.15039665863672,2283.6236836701,34.854407559377,27.9408914512442,4.05855720493439,1935.51158645431
"544",1.053763,8.15039665863672,2283.6236836701,34.854407559377,27.9408914512442,4.05855720493439,1935.51158645431
"545",0.957775,8.13217199421984,2203.34285447954,33.5002624669637,29.4863114878092,3.81936425063693,1870.14908003494
"546",0.900098,8.13217199421984,2203.34285447954,33.5002624669637,29.4863114878092,3.81936425063693,1870.14908003494
"547",0.991034,8.13217199421984,2203.34285447954,33.5002624669637,29.4863114878092,3.81936425063693,1870.14908003494
"548",0.9683,8.13217199421984,2203.34285447954,33.5002624669637,29.4863114878092,3.81936425063693,1870.14908003494
"549",0.964932,8.13217199421984,2203.34285447954,33.5002624669637,29.4863114878092,3.81936425063693,1870.14908003494
"550",0.964932,8.13217199421984,2203.34285447954,33.5002624669637,29.4863114878092,3.81936425063693,1870.14908003494
"551",0.976299,8.13217199421984,2203.34285447954,33.5002624669637,29.4863114878092,3.81936425063693,1870.14908003494
"552",0.969142,8.13217199421984,2203.34285447954,33.5002624669637,29.4863114878092,3.81936425063693,1870.14908003494
"553",0.948513,8.12912031363293,2204.35409500484,33.5456607660806,29.3544563313208,3.80291906975124,1872.90567547674
"554",0.953144,8.12912031363293,2204.35409500484,33.5456607660806,29.3544563313208,3.80291906975124,1872.90567547674
"555",0.926621,8.12912031363293,2204.35409500484,33.5456607660806,29.3544563313208,3.80291906975124,1872.90567547674
"556",0.976299,8.12912031363293,2204.35409500484,33.5456607660806,29.3544563313208,3.80291906975124,1872.90567547674
"557",0.971247,8.12912031363293,2204.35409500484,33.5456607660806,29.3544563313208,3.80291906975124,1872.90567547674
"558",0.948092,8.12912031363293,2204.35409500484,33.5456607660806,29.3544563313208,3.80291906975124,1872.90567547674
"559",0.919043,8.12912031363293,2204.35409500484,33.5456607660806,29.3544563313208,3.80291906975124,1872.90567547674
"560",0.898835,8.12912031363293,2204.35409500484,33.5456607660806,29.3544563313208,3.80291906975124,1872.90567547674
"561",0.945987,8.12912031363293,2204.35409500484,33.5456607660806,29.3544563313208,3.80291906975124,1872.90567547674
"562",0.835264,8.12912031363293,2204.35409500484,33.5456607660806,29.3544563313208,3.80291906975124,1872.90567547674
"563",0.950197,8.12912031363293,2204.35409500484,33.5456607660806,29.3544563313208,3.80291906975124,1872.90567547674
"564",0.93883,8.12912031363293,2204.35409500484,33.5456607660806,29.3544563313208,3.80291906975124,1872.90567547674
"565",0.904729,8.12912031363293,2204.35409500484,33.5456607660806,29.3544563313208,3.80291906975124,1872.90567547674
"566",0.914412,8.12912031363293,2204.35409500484,33.5456607660806,29.3544563313208,3.80291906975124,1872.90567547674
"567",0.984719,8.12912031363293,2204.35409500484,33.5456607660806,29.3544563313208,3.80291906975124,1872.90567547674
"568",1.02724,8.12912031363293,2204.35409500484,33.5456607660806,29.3544563313208,3.80291906975124,1872.90567547674
"569",1.026398,8.12912031363293,2204.35409500484,33.5456607660806,29.3544563313208,3.80291906975124,1872.90567547674
"570",0.993139,8.12912031363293,2204.35409500484,33.5456607660806,29.3544563313208,3.80291906975124,1872.90567547674
"571",1.117334,8.12912031363293,2204.35409500484,33.5456607660806,29.3544563313208,3.80291906975124,1872.90567547674
"572",1.047448,8.12912031363293,2204.35409500484,33.5456607660806,29.3544563313208,3.80291906975124,1872.90567547674
"573",1.016715,8.12912031363293,2204.35409500484,33.5456607660806,29.3544563313208,3.80291906975124,1872.90567547674
"574",1.002401,8.12912031363293,2204.35409500484,33.5456607660806,29.3544563313208,3.80291906975124,1872.90567547674
"575",1.14512,8.12865037964536,2222.0664013039,33.8953542196648,29.3919209555009,3.83260393698072,1887.51538746461
"576",1.168696,8.12865037964536,2222.0664013039,33.8953542196648,29.3919209555009,3.83260393698072,1887.51538746461
"577",1.133332,8.12865037964536,2222.0664013039,33.8953542196648,29.3919209555009,3.83260393698072,1887.51538746461
"578",1.112703,8.12865037964536,2222.0664013039,33.8953542196648,29.3919209555009,3.83260393698072,1887.51538746461
"579",1.156487,8.12865037964536,2222.0664013039,33.8953542196648,29.3919209555009,3.83260393698072,1887.51538746461
"580",1.132911,8.12865037964536,2222.0664013039,33.8953542196648,29.3919209555009,3.83260393698072,1887.51538746461
"581",1.168696,8.12865037964536,2222.0664013039,33.8953542196648,29.3919209555009,3.83260393698072,1887.51538746461
"582",1.196903,8.12865037964536,2222.0664013039,33.8953542196648,29.3919209555009,3.83260393698072,1887.51538746461
"583",1.006611,8.12234365949803,2180.88603202172,31.7839723852335,29.1577864969417,3.71995130584831,1857.62952921541
"584",0.994402,8.12234365949803,2180.88603202172,31.7839723852335,29.1577864969417,3.71995130584831,1857.62952921541
"585",1.028924,8.12234365949803,2180.88603202172,31.7839723852335,29.1577864969417,3.71995130584831,1857.62952921541
"586",1.035239,8.12234365949803,2180.88603202172,31.7839723852335,29.1577864969417,3.71995130584831,1857.62952921541
"587",0.985982,8.12234365949803,2180.88603202172,31.7839723852335,29.1577864969417,3.71995130584831,1857.62952921541
"588",1.019662,8.12234365949803,2180.88603202172,31.7839723852335,29.1577864969417,3.71995130584831,1857.62952921541
"589",1.042396,8.12234365949803,2180.88603202172,31.7839723852335,29.1577864969417,3.71995130584831,1857.62952921541
"590",1.03145,8.12234365949803,2180.88603202172,31.7839723852335,29.1577864969417,3.71995130584831,1857.62952921541
"591",1.047448,8.12234365949803,2180.88603202172,31.7839723852335,29.1577864969417,3.71995130584831,1857.62952921541
"592",1.007874,8.12353115074643,2223.72748649146,33.7670040990605,28.8571428214701,3.79667767078357,1892.30834961977
"593",1.060078,8.12353115074643,2223.72748649146,33.7670040990605,28.8571428214701,3.79667767078357,1892.30834961977
"594",1.023872,8.12353115074643,2223.72748649146,33.7670040990605,28.8571428214701,3.79667767078357,1892.30834961977
"595",1.047027,8.12353115074643,2223.72748649146,33.7670040990605,28.8571428214701,3.79667767078357,1892.30834961977
"596",1.096705,8.12353115074643,2223.72748649146,33.7670040990605,28.8571428214701,3.79667767078357,1892.30834961977
"597",1.082812,8.12353115074643,2223.72748649146,33.7670040990605,28.8571428214701,3.79667767078357,1892.30834961977
"598",1.147646,8.12353115074643,2223.72748649146,33.7670040990605,28.8571428214701,3.79667767078357,1892.30834961977
"599",1.092495,8.12353115074643,2223.72748649146,33.7670040990605,28.8571428214701,3.79667767078357,1892.30834961977
"600",1.114387,8.12353115074643,2223.72748649146,33.7670040990605,28.8571428214701,3.79667767078357,1892.30834961977
"601",1.135016,8.12353115074643,2223.72748649146,33.7670040990605,28.8571428214701,3.79667767078357,1892.30834961977
"602",0.956091,8.12353115074643,2223.72748649146,33.7670040990605,28.8571428214701,3.79667767078357,1892.30834961977
"603",1.048711,8.12353115074643,2223.72748649146,33.7670040990605,28.8571428214701,3.79667767078357,1892.30834961977
"604",1.035239,8.12353115074643,2223.72748649146,33.7670040990605,28.8571428214701,3.79667767078357,1892.30834961977
"605",1.041133,8.12353115074643,2223.72748649146,33.7670040990605,28.8571428214701,3.79667767078357,1892.30834961977
"606",1.051658,8.12353115074643,2223.72748649146,33.7670040990605,28.8571428214701,3.79667767078357,1892.30834961977
"607",1.145962,8.12353115074643,2223.72748649146,33.7670040990605,28.8571428214701,3.79667767078357,1892.30834961977
"608",1.13249,8.12353115074643,2223.72748649146,33.7670040990605,28.8571428214701,3.79667767078357,1892.30834961977
"609",1.165328,8.12353115074643,2223.72748649146,33.7670040990605,28.8571428214701,3.79667767078357,1892.30834961977
"610",1.081128,8.12353115074643,2223.72748649146,33.7670040990605,28.8571428214701,3.79667767078357,1892.30834961977
"611",1.481499,8.12353115074643,2223.72748649146,33.7670040990605,28.8571428214701,3.79667767078357,1892.30834961977
"612",1.076918,8.12353115074643,2223.72748649146,33.7670040990605,28.8571428214701,3.79667767078357,1892.30834961977
"613",0.916096,8.12353115074643,2223.72748649146,33.7670040990605,28.8571428214701,3.79667767078357,1892.30834961977
"614",1.082391,8.12353115074643,2223.72748649146,33.7670040990605,28.8571428214701,3.79667767078357,1892.30834961977
"615",1.126596,8.12353115074643,2223.72748649146,33.7670040990605,28.8571428214701,3.79667767078357,1892.30834961977
"616",1.218795,8.12353115074643,2223.72748649146,33.7670040990605,28.8571428214701,3.79667767078357,1892.30834961977
"617",1.231004,8.12353115074643,2223.72748649146,33.7670040990605,28.8571428214701,3.79667767078357,1892.30834961977
"618",1.198587,8.12353115074643,2223.72748649146,33.7670040990605,28.8571428214701,3.79667767078357,1892.30834961977
"619",1.009137,8.12353115074643,2223.72748649146,33.7670040990605,28.8571428214701,3.79667767078357,1892.30834961977
"620",1.013768,8.12353115074643,2223.72748649146,33.7670040990605,28.8571428214701,3.79667767078357,1892.30834961977
"621",1.068919,8.12353115074643,2223.72748649146,33.7670040990605,28.8571428214701,3.79667767078357,1892.30834961977
"622",1.077339,8.12353115074643,2223.72748649146,33.7670040990605,28.8571428214701,3.79667767078357,1892.30834961977
"623",1.070182,8.12353115074643,2223.72748649146,33.7670040990605,28.8571428214701,3.79667767078357,1892.30834961977
"624",1.123649,8.12353115074643,2223.72748649146,33.7670040990605,28.8571428214701,3.79667767078357,1892.30834961977
"625",1.153961,8.12353115074643,2223.72748649146,33.7670040990605,28.8571428214701,3.79667767078357,1892.30834961977
"626",1.143857,8.12353115074643,2223.72748649146,33.7670040990605,28.8571428214701,3.79667767078357,1892.30834961977
"627",1.024714,8.12204257963873,2179.89689062996,31.1288581396027,29.2625044616623,3.71424136267023,1857.14888824687
"628",1.117755,8.12204257963873,2179.89689062996,31.1288581396027,29.2625044616623,3.71424136267023,1857.14888824687
"629",0.975878,8.12204257963873,2179.89689062996,31.1288581396027,29.2625044616623,3.71424136267023,1857.14888824687
"630",1.025977,8.12204257963873,2179.89689062996,31.1288581396027,29.2625044616623,3.71424136267023,1857.14888824687
"631",0.963669,8.12204257963873,2179.89689062996,31.1288581396027,29.2625044616623,3.71424136267023,1857.14888824687
"632",0.96409,8.12204257963873,2179.89689062996,31.1288581396027,29.2625044616623,3.71424136267023,1857.14888824687
"633",1.025135,8.12204257963873,2179.89689062996,31.1288581396027,29.2625044616623,3.71424136267023,1857.14888824687
"634",0.979667,8.12204257963873,2179.89689062996,31.1288581396027,29.2625044616623,3.71424136267023,1857.14888824687
"635",1.00198,8.12204257963873,2179.89689062996,31.1288581396027,29.2625044616623,3.71424136267023,1857.14888824687
"636",0.96409,8.12204257963873,2179.89689062996,31.1288581396027,29.2625044616623,3.71424136267023,1857.14888824687
"637",1.036502,8.12204257963873,2179.89689062996,31.1288581396027,29.2625044616623,3.71424136267023,1857.14888824687
"638",1.16196,8.09999078646411,2378.75261578458,36.4940531179872,26.3604318819473,3.91778936288884,2019.82941947583
"639",0.852946,8.11079215150634,2260.81927781471,35.1264582143261,26.6581558495084,3.76364954445693,1923.62835979172
"640",0.919464,8.11079215150634,2260.81927781471,35.1264582143261,26.6581558495084,3.76364954445693,1923.62835979172
"641",0.932936,8.11079215150634,2260.81927781471,35.1264582143261,26.6581558495084,3.76364954445693,1923.62835979172
"642",0.944303,8.11079215150634,2260.81927781471,35.1264582143261,26.6581558495084,3.76364954445693,1923.62835979172
"643",0.967037,8.11079215150634,2260.81927781471,35.1264582143261,26.6581558495084,3.76364954445693,1923.62835979172
"644",0.928726,8.11079215150634,2260.81927781471,35.1264582143261,26.6581558495084,3.76364954445693,1923.62835979172
"645",0.948513,8.11079215150634,2260.81927781471,35.1264582143261,26.6581558495084,3.76364954445693,1923.62835979172
"646",1.8156888,8.09953986977712,2301.87150550121,35.4624068896947,24.3937369973076,3.6987290538812,1966.97918569922
"647",2.7637808,8.09953986977712,2301.87150550121,35.4624068896947,24.3937369973076,3.6987290538812,1966.97918569922
"648",1.8792598,8.09953986977712,2301.87150550121,35.4624068896947,24.3937369973076,3.6987290538812,1966.97918569922
"649",1.6640446,8.09953986977712,2301.87150550121,35.4624068896947,24.3937369973076,3.6987290538812,1966.97918569922
"650",1.5045277,8.09953986977712,2301.87150550121,35.4624068896947,24.3937369973076,3.6987290538812,1966.97918569922
"651",1.5685618,8.09953986977712,2301.87150550121,35.4624068896947,24.3937369973076,3.6987290538812,1966.97918569922
"652",1.6522566,8.09953986977712,2301.87150550121,35.4624068896947,24.3937369973076,3.6987290538812,1966.97918569922
"653",1.596432,8.09953986977712,2301.87150550121,35.4624068896947,24.3937369973076,3.6987290538812,1966.97918569922
"654",1.3437899,8.09953986977712,2301.87150550121,35.4624068896947,24.3937369973076,3.6987290538812,1966.97918569922
"655",1.6783586,8.09953986977712,2301.87150550121,35.4624068896947,24.3937369973076,3.6987290538812,1966.97918569922
"656",1.8082792,8.09953986977712,2301.87150550121,35.4624068896947,24.3937369973076,3.6987290538812,1966.97918569922
"657",1.6940198,8.09953986977712,2301.87150550121,35.4624068896947,24.3937369973076,3.6987290538812,1966.97918569922
"658",1.7242476,8.09953986977712,2301.87150550121,35.4624068896947,24.3937369973076,3.6987290538812,1966.97918569922
"659",1.718101,8.09953986977712,2301.87150550121,35.4624068896947,24.3937369973076,3.6987290538812,1966.97918569922
"660",1.7444135,8.09953986977712,2301.87150550121,35.4624068896947,24.3937369973076,3.6987290538812,1966.97918569922
"661",2.4884047,8.09953986977712,2301.87150550121,35.4624068896947,24.3937369973076,3.6987290538812,1966.97918569922
"662",1.6391635,8.09953986977712,2301.87150550121,35.4624068896947,24.3937369973076,3.6987290538812,1966.97918569922
"663",1.7094705,8.09953986977712,2301.87150550121,35.4624068896947,24.3937369973076,3.6987290538812,1966.97918569922
"664",1.6210184,8.09953986977712,2301.87150550121,35.4624068896947,24.3937369973076,3.6987290538812,1966.97918569922
"665",1.5651096,8.09953986977712,2301.87150550121,35.4624068896947,24.3937369973076,3.6987290538812,1966.97918569922
"666",1.617903,8.09953986977712,2301.87150550121,35.4624068896947,24.3937369973076,3.6987290538812,1966.97918569922
"667",1.6607608,8.09953986977712,2301.87150550121,35.4624068896947,24.3937369973076,3.6987290538812,1966.97918569922
"668",1.6907781,8.09953986977712,2301.87150550121,35.4624068896947,24.3937369973076,3.6987290538812,1966.97918569922
"669",1.678106,8.09953986977712,2301.87150550121,35.4624068896947,24.3937369973076,3.6987290538812,1966.97918569922
"670",1.567804,8.09953986977712,2301.87150550121,35.4624068896947,24.3937369973076,3.6987290538812,1966.97918569922
"671",1.5814444,8.09953986977712,2301.87150550121,35.4624068896947,24.3937369973076,3.6987290538812,1966.97918569922
"672",1.562752,8.09953986977712,2301.87150550121,35.4624068896947,24.3937369973076,3.6987290538812,1966.97918569922
"673",1.3462738,8.09953986977712,2301.87150550121,35.4624068896947,24.3937369973076,3.6987290538812,1966.97918569922
"674",1.6095251,8.09953986977712,2301.87150550121,35.4624068896947,24.3937369973076,3.6987290538812,1966.97918569922
"675",1.6136509,8.09953986977712,2301.87150550121,35.4624068896947,24.3937369973076,3.6987290538812,1966.97918569922
"676",1.7018083,8.09953986977712,2301.87150550121,35.4624068896947,24.3937369973076,3.6987290538812,1966.97918569922
"677",1.7626849,8.09953986977712,2301.87150550121,35.4624068896947,24.3937369973076,3.6987290538812,1966.97918569922
"678",1.4312316,8.09953986977712,2301.87150550121,35.4624068896947,24.3937369973076,3.6987290538812,1966.97918569922
"679",1.4524921,8.09953986977712,2301.87150550121,35.4624068896947,24.3937369973076,3.6987290538812,1966.97918569922
"680",1.5403548,8.09953986977712,2301.87150550121,35.4624068896947,24.3937369973076,3.6987290538812,1966.97918569922
"681",1.556858,8.09953986977712,2301.87150550121,35.4624068896947,24.3937369973076,3.6987290538812,1966.97918569922
"682",1.7797775,8.09953986977712,2301.87150550121,35.4624068896947,24.3937369973076,3.6987290538812,1966.97918569922
"683",1.5651517,8.09953986977712,2301.87150550121,35.4624068896947,24.3937369973076,3.6987290538812,1966.97918569922
"684",1.6584453,8.09953986977712,2301.87150550121,35.4624068896947,24.3937369973076,3.6987290538812,1966.97918569922
"685",1.440241,8.09953986977712,2301.87150550121,35.4624068896947,24.3937369973076,3.6987290538812,1966.97918569922
"686",2.128576,8.09953986977712,2301.87150550121,35.4624068896947,24.3937369973076,3.6987290538812,1966.97918569922
"687",1.476026,8.09953986977712,2301.87150550121,35.4624068896947,24.3937369973076,3.6987290538812,1966.97918569922
"688",1.5842651,8.09953986977712,2301.87150550121,35.4624068896947,24.3937369973076,3.6987290538812,1966.97918569922
"689",1.4491662,8.09953986977712,2301.87150550121,35.4624068896947,24.3937369973076,3.6987290538812,1966.97918569922
"690",1.6697281,8.09953986977712,2301.87150550121,35.4624068896947,24.3937369973076,3.6987290538812,1966.97918569922
"691",1.4807833,8.09953986977712,2301.87150550121,35.4624068896947,24.3937369973076,3.6987290538812,1966.97918569922
"692",1.6981877,8.09953986977712,2301.87150550121,35.4624068896947,24.3937369973076,3.6987290538812,1966.97918569922
"693",1.5243147,8.09953986977712,2301.87150550121,35.4624068896947,24.3937369973076,3.6987290538812,1966.97918569922
"694",1.9184128,8.09953986977712,2301.87150550121,35.4624068896947,24.3937369973076,3.6987290538812,1966.97918569922
"695",0.9530177,8.09953986977712,2301.87150550121,35.4624068896947,24.3937369973076,3.6987290538812,1966.97918569922
"696",1.4877298,8.09953986977712,2301.87150550121,35.4624068896947,24.3937369973076,3.6987290538812,1966.97918569922
"697",1.5082325,8.09953986977712,2301.87150550121,35.4624068896947,24.3937369973076,3.6987290538812,1966.97918569922
"698",1.1540873,8.09953986977712,2301.87150550121,35.4624068896947,24.3937369973076,3.6987290538812,1966.97918569922
"699",1.1550135,8.09953986977712,2301.87150550121,35.4624068896947,24.3937369973076,3.6987290538812,1966.97918569922
"700",1.7015978,8.09953986977712,2301.87150550121,35.4624068896947,24.3937369973076,3.6987290538812,1966.97918569922
